date,location,species,count,weather,observer,habitat,tide_level
2025-01-15,Palo Alto Baylands,Western Sandpiper,1245,Clear,J. Chen,mudflat,low
2025-01-15,Palo Alto Baylands,Dunlin,876,Clear,J. Chen,mudflat,low
2025-01-15,Palo Alto Baylands,Least Sandpiper,456,Clear,J. Chen,mudflat,low
2025-01-15,Palo Alto Baylands,Marbled Godwit,123,Clear,J. Chen,mudflat,low
2025-01-15,Palo Alto Baylands,Willet,89,Clear,J. Chen,mudflat,low
2025-01-15,Palo Alto Baylands,Long-billed Curlew,34,Clear,J. Chen,mudflat,low
2025-01-15,Palo Alto Baylands,Short-billed Dowitcher,156,Clear,J. Chen,mudflat,low
2025-01-15,Palo Alto Baylands,Black-bellied Plover,67,Clear,J. Chen,mudflat,low
2025-01-15,Palo Alto Baylands,American Avocet,234,Clear,J. Chen,mudflat,low
2025-01-15,Palo Alto Baylands,Black-necked Stilt,189,Clear,J. Chen,mudflat,low
2025-01-16,Don Edwards NWR,American Avocet,678,Overcast,M. Rodriguez,salt_pond,mid
2025-01-16,Don Edwards NWR,Black-necked Stilt,456,Overcast,M. Rodriguez,salt_pond,mid
2025-01-16,Don Edwards NWR,Northern Shoveler,342,Overcast,M. Rodriguez,salt_pond,mid
2025-01-16,Don Edwards NWR,Ruddy Duck,234,Overcast,M. Rodriguez,salt_pond,mid
2025-01-16,Don Edwards NWR,Northern Harrier,5,Overcast,M. Rodriguez,marsh,mid
2025-01-16,Don Edwards NWR,White-tailed Kite,3,Overcast,M. Rodriguez,marsh,mid
2025-01-16,Don Edwards NWR,Clapper Rail,2,Overcast,M. Rodriguez,marsh,mid
2025-01-16,Don Edwards NWR,Forster's Tern,156,Overcast,M. Rodriguez,salt_pond,mid
2025-01-16,Don Edwards NWR,Caspian Tern,78,Overcast,M. Rodriguez,salt_pond,mid
2025-01-17,Coyote Hills,Northern Shoveler,567,Rain,K. Patel,freshwater,high
2025-01-17,Coyote Hills,Bufflehead,289,Rain,K. Patel,freshwater,high
2025-01-17,Coyote Hills,American Coot,456,Rain,K. Patel,freshwater,high
2025-01-17,Coyote Hills,Great Blue Heron,15,Rain,K. Patel,freshwater,high
2025-01-17,Coyote Hills,Pied-billed Grebe,34,Rain,K. Patel,freshwater,high
2025-01-17,Coyote Hills,Double-crested Cormorant,45,Rain,K. Patel,freshwater,high
2025-01-17,Coyote Hills,Great Egret,23,Rain,K. Patel,freshwater,high
2025-01-17,Coyote Hills,Snowy Egret,34,Rain,K. Patel,freshwater,high
2025-01-18,Alviso Marina,Snowy Egret,89,Clear,A. Kim,mudflat,low
2025-01-18,Alviso Marina,Great Egret,45,Clear,A. Kim,mudflat,low
2025-01-18,Alviso Marina,Forster's Tern,189,Clear,A. Kim,open_water,low
2025-01-18,Alviso Marina,Long-billed Curlew,34,Clear,A. Kim,mudflat,low
2025-01-18,Alviso Marina,Black-crowned Night-Heron,23,Clear,A. Kim,marsh,low
2025-01-18,Alviso Marina,American Avocet,156,Clear,A. Kim,mudflat,low
2025-01-18,Alviso Marina,Black-necked Stilt,123,Clear,A. Kim,mudflat,low
2025-01-18,Alviso Marina,Marbled Godwit,67,Clear,A. Kim,mudflat,low
2025-01-19,Shoreline Lake,Canada Goose,678,Fog,J. Chen,freshwater,na
2025-01-19,Shoreline Lake,American Coot,345,Fog,J. Chen,freshwater,na
2025-01-19,Shoreline Lake,Mallard,234,Fog,J. Chen,freshwater,na
2025-01-19,Shoreline Lake,Pied-billed Grebe,45,Fog,J. Chen,freshwater,na
2025-01-19,Shoreline Lake,Double-crested Cormorant,67,Fog,J. Chen,freshwater,na
2025-01-19,Shoreline Lake,Western Grebe,23,Fog,J. Chen,freshwater,na
2025-01-19,Shoreline Lake,Eared Grebe,56,Fog,J. Chen,freshwater,na
2025-01-19,Shoreline Lake,Bufflehead,78,Fog,J. Chen,freshwater,na
2025-01-20,Eden Landing,Dunlin,1567,Clear,M. Rodriguez,salt_pond,low
2025-01-20,Eden Landing,Western Sandpiper,987,Clear,M. Rodriguez,salt_pond,low
2025-01-20,Eden Landing,American Avocet,567,Clear,M. Rodriguez,salt_pond,low
2025-01-20,Eden Landing,Black-necked Stilt,345,Clear,M. Rodriguez,salt_pond,low
2025-01-20,Eden Landing,Short-billed Dowitcher,123,Clear,M. Rodriguez,salt_pond,low
2025-01-20,Eden Landing,Least Sandpiper,456,Clear,M. Rodriguez,salt_pond,low
2025-01-20,Eden Landing,Marbled Godwit,189,Clear,M. Rodriguez,salt_pond,low
2025-01-20,Eden Landing,Willet,98,Clear,M. Rodriguez,salt_pond,low
2025-01-21,Arrowhead Marsh,Clapper Rail,4,Clear,R. Davis,marsh,low
2025-01-21,Arrowhead Marsh,Black-crowned Night-Heron,12,Clear,R. Davis,marsh,low
2025-01-21,Arrowhead Marsh,Snowy Egret,34,Clear,R. Davis,marsh,low
2025-01-21,Arrowhead Marsh,Great Egret,23,Clear,R. Davis,marsh,low
2025-01-21,Arrowhead Marsh,American Bittern,1,Clear,R. Davis,marsh,low
2025-01-21,Arrowhead Marsh,Virginia Rail,2,Clear,R. Davis,marsh,low
2025-01-22,Martin Luther King Jr. Shoreline,Western Sandpiper,789,Clear,L. Torres,mudflat,mid
2025-01-22,Martin Luther King Jr. Shoreline,Dunlin,567,Clear,L. Torres,mudflat,mid
2025-01-22,Martin Luther King Jr. Shoreline,Least Sandpiper,234,Clear,L. Torres,mudflat,mid
2025-01-22,Martin Luther King Jr. Shoreline,Black-bellied Plover,45,Clear,L. Torres,mudflat,mid
2025-01-22,Martin Luther King Jr. Shoreline,American Avocet,156,Clear,L. Torres,mudflat,mid
2025-01-23,Hayward Regional Shoreline,Northern Shoveler,456,Overcast,S. Williams,freshwater,high
2025-01-23,Hayward Regional Shoreline,American Wigeon,234,Overcast,S. Williams,freshwater,high
2025-01-23,Hayward Regional Shoreline,Gadwall,189,Overcast,S. Williams,freshwater,high
2025-01-23,Hayward Regional Shoreline,Mallard,278,Overcast,S. Williams,freshwater,high
2025-01-23,Hayward Regional Shoreline,Bufflehead,156,Overcast,S. Williams,freshwater,high
2025-01-24,Greco Island,Clapper Rail,6,Rain,P. Anderson,marsh,low
2025-01-24,Greco Island,Marsh Wren,12,Rain,P. Anderson,marsh,low
2025-01-24,Greco Island,Song Sparrow,23,Rain,P. Anderson,marsh,low
2025-01-24,Greco Island,Common Yellowthroat,15,Rain,P. Anderson,marsh,low
2025-01-25,Dumbarton Marsh,Western Sandpiper,678,Clear,J. Chen,mudflat,low
2025-01-25,Dumbarton Marsh,Dunlin,456,Clear,J. Chen,mudflat,low
2025-01-25,Dumbarton Marsh,Least Sandpiper,189,Clear,J. Chen,mudflat,low
2025-01-25,Dumbarton Marsh,Marbled Godwit,78,Clear,J. Chen,mudflat,low
2025-01-25,Dumbarton Marsh,Willet,45,Clear,J. Chen,mudflat,low
2025-01-26,Ed Levin County Park,Canada Goose,345,Fog,M. Rodriguez,freshwater,na
2025-01-26,Ed Levin County Park,American Coot,123,Fog,M. Rodriguez,freshwater,na
2025-01-26,Ed Levin County Park,Mallard,89,Fog,M. Rodriguez,freshwater,na
2025-01-26,Ed Levin County Park,Great Blue Heron,5,Fog,M. Rodriguez,freshwater,na
2025-01-27,Byxbee Park,American Avocet,234,Clear,K. Patel,salt_pond,mid
2025-01-27,Byxbee Park,Black-necked Stilt,156,Clear,K. Patel,salt_pond,mid
2025-01-27,Byxbee Park,Forster's Tern,78,Clear,K. Patel,salt_pond,mid
2025-01-27,Byxbee Park,Caspian Tern,34,Clear,K. Patel,salt_pond,mid
2025-01-28,Fremont Central Park,Canada Goose,567,Clear,A. Kim,freshwater,na
2025-01-28,Fremont Central Park,Mallard,345,Clear,A. Kim,freshwater,na
2025-01-28,Fremont Central Park,American Coot,234,Clear,A. Kim,freshwater,na
2025-01-28,Fremont Central Park,Great Egret,15,Clear,A. Kim,freshwater,na
2025-01-29,Alameda Point,Western Sandpiper,890,Overcast,R. Davis,mudflat,low
2025-01-29,Alameda Point,Dunlin,567,Overcast,R. Davis,mudflat,low
2025-01-29,Alameda Point,Least Sandpiper,345,Overcast,R. Davis,mudflat,low
2025-01-29,Alameda Point,Black-bellied Plover,67,Overcast,R. Davis,mudflat,low
2025-01-30,Point Isabel,Double-crested Cormorant,123,Clear,L. Torres,open_water,mid
2025-01-30,Point Isabel,Brandt's Cormorant,45,Clear,L. Torres,open_water,mid
2025-01-30,Point Isabel,Pelagic Cormorant,12,Clear,L. Torres,open_water,mid
2025-01-30,Point Isabel,Western Grebe,23,Clear,L. Torres,open_water,mid
2025-01-31,Heron's Head Park,Great Blue Heron,18,Clear,S. Williams,marsh,high
2025-01-31,Heron's Head Park,Great Egret,24,Clear,S. Williams,marsh,high
2025-01-31,Heron's Head Park,Snowy Egret,36,Clear,S. Williams,marsh,high
2025-01-31,Heron's Head Park,Black-crowned Night-Heron,12,Clear,S. Williams,marsh,high